Date	VTI
2014-03-11	97.760002
2014-03-12	97.83000200000001
2014-03-13	96.699997
2014-03-14	96.58000200000001
2014-03-17	97.349998
2014-03-18	98.18
2014-03-19	97.620003
2014-03-20	98.110001
2014-03-21	97.75
2014-03-24	97.18
2014-03-25	97.099998
2014-03-26	96.290001
2014-03-27	96.089996
2014-03-28	96.519997
2014-03-31	97.470001
2014-04-01	98.230003
2014-04-02	98.540001
2014-04-03	98.269997
2014-04-04	96.91999799999999
2014-04-07	95.760002
2014-04-08	96.18
2014-04-09	97.33000200000001
2014-04-10	95.190002
2014-04-11	94.25
2014-04-14	94.889999
2014-04-15	95.540001
2014-04-16	96.540001
2014-04-17	96.730003
2014-04-21	97.120003
2014-04-22	97.620003
2014-04-23	97.370003
2014-04-24	97.5
2014-04-25	96.550003
2014-04-28	96.690002
2014-04-29	97.16999799999999
2014-04-30	97.529999
2014-05-01	97.559998
2014-05-02	97.480003
2014-05-05	97.639999
2014-05-06	96.739998
2014-05-07	97.190002
2014-05-08	96.93
2014-05-09	97.16999799999999
2014-05-12	98.269997
2014-05-13	98.209999
2014-05-14	97.66999799999999
2014-05-15	96.769997
2014-05-16	97.18
2014-05-19	97.629997
2014-05-20	96.900002
2014-05-21	97.650002
2014-05-22	97.980003
2014-05-23	98.489998
2014-05-27	99.139999
2014-05-28	99.029999
2014-05-29	99.559998
2014-05-30	99.58000200000001
2014-06-02	99.699997
2014-06-03	99.660004
2014-06-04	99.870003
2014-06-05	100.68
2014-06-06	101.199997
2014-06-09	101.370003
2014-06-10	101.349998
2014-06-11	101.010002
2014-06-12	100.290001
2014-06-13	100.620003
2014-06-16	100.699997
2014-06-17	101.059998
2014-06-18	101.809998
2014-06-19	101.93
2014-06-20	102.16999799999999
2014-06-23	102.139999
2014-06-24	101.010002
2014-06-25	101.519997
2014-06-26	101.459999
2014-06-27	101.730003
2014-06-30	101.769997
2014-07-01	102.5
2014-07-02	102.440002
2014-07-03	102.980003
2014-07-07	102.440002
2014-07-08	101.660004
2014-07-09	102.099998
2014-07-10	101.650002
2014-07-11	101.739998
2014-07-14	102.230003
2014-07-15	101.970001
2014-07-16	102.230003
2014-07-17	101.050003
2014-07-18	102.139999
2014-07-21	101.900002
2014-07-22	102.41999799999999
2014-07-23	102.660004
2014-07-24	102.68
2014-07-25	102.139999
2014-07-28	102.110001
2014-07-29	101.739998
2014-07-30	101.809998
2014-07-31	99.739998
2014-08-01	99.489998
2014-08-04	100.16999799999999
2014-08-05	99.290001
2014-08-06	99.309998
2014-08-07	98.790001
2014-08-08	99.93
2014-08-11	100.290001
2014-08-12	100.110001
2014-08-13	100.82
2014-08-14	101.260002
2014-08-15	101.269997
2014-08-18	102.18
2014-08-19	102.690002
2014-08-20	102.93
2014-08-21	103.160004
2014-08-22	103.010002
2014-08-25	103.550003
2014-08-26	103.739998
2014-08-27	103.68
2014-08-28	103.57
2014-08-29	103.879997
2014-09-02	103.959999
2014-09-03	103.849998
2014-09-04	103.629997
2014-09-05	104.110001
2014-09-08	103.900002
2014-09-09	103.16999799999999
2014-09-10	103.559998
2014-09-11	103.75
2014-09-12	103.08000200000001
2014-09-15	102.809998
2014-09-16	103.540001
2014-09-17	103.650002
2014-09-18	104.18
2014-09-19	103.980003
2014-09-22	103.019997
2014-09-23	102.360001
2014-09-24	102.690002
2014-09-25	101.08000200000001
2014-09-26	101.900002
2014-09-29	101.720001
2014-09-30	101.239998
2014-10-01	99.910004
2014-10-02	99.959999
2014-10-03	101.08000200000001
2014-10-06	100.879997
2014-10-07	99.32
2014-10-08	100.970001
2014-10-09	98.889999
2014-10-10	97.660004
2014-10-13	96.099998
2014-10-14	96.400002
2014-10-15	95.860001
2014-10-16	96.07
2014-10-17	97.120003
2014-10-20	98.089996
2014-10-21	100.029999
2014-10-22	99.25
2014-10-23	100.449997
2014-10-24	101.150002
2014-10-27	101.010002
2014-10-28	102.32
2014-10-29	102.16999799999999
2014-10-30	102.800003
2014-10-31	104.019997
2014-11-03	104.08000200000001
2014-11-04	103.699997
2014-11-05	104.190002
2014-11-06	104.699997
2014-11-07	104.779999
2014-11-10	105.099998
2014-11-11	105.199997
2014-11-12	105.18
2014-11-13	105.160004
2014-11-14	105.16999799999999
2014-11-17	105.160004
2014-11-18	105.779999
2014-11-19	105.510002
2014-11-20	105.809998
2014-11-21	106.370003
2014-11-24	106.760002
2014-11-25	106.739998
2014-11-26	106.980003
2014-11-28	106.599998
2014-12-01	105.699997
2014-12-02	106.360001
2014-12-03	106.839996
2014-12-04	106.709999
2014-12-05	106.949997
2014-12-08	106.190002
2014-12-09	106.25
2014-12-10	104.510002
2014-12-11	104.989998
2014-12-12	103.339996
2014-12-15	102.589996
2014-12-16	101.83000200000001
2014-12-17	104.010002
2014-12-18	106.470001
2014-12-19	106.910004
2014-12-22	106.769997
2014-12-23	107.010002
2014-12-24	107.040001
2014-12-26	107.360001
2014-12-29	107.589996
2014-12-30	107.059998
2014-12-31	106.0
2015-01-02	105.91999799999999
2015-01-05	104.099998
2015-01-06	103.08000200000001
2015-01-07	104.309998
2015-01-08	106.150002
2015-01-09	105.269997
2015-01-12	104.519997
2015-01-13	104.279999
2015-01-14	103.709999
2015-01-15	102.660004
2015-01-16	104.019997
2015-01-20	104.16999799999999
2015-01-21	104.639999
2015-01-22	106.230003
2015-01-23	105.75
2015-01-26	106.190002
2015-01-27	104.949997
2015-01-28	103.529999
2015-01-29	104.519997
2015-01-30	103.099998
2015-02-02	104.260002
2015-02-03	105.860001
2015-02-04	105.489998
2015-02-05	106.650002
2015-02-06	106.33000200000001
2015-02-09	105.800003
2015-02-10	106.879997
2015-02-11	106.93
2015-02-12	107.959999
2015-02-13	108.470001
2015-02-17	108.639999
2015-02-18	108.699997
2015-02-19	108.66999799999999
2015-02-20	109.279999
2015-02-23	109.269997
2015-02-24	109.519997
2015-02-25	109.480003
2015-02-26	109.410004
2015-02-27	109.019997
2015-03-02	109.690002
2015-03-03	109.239998
2015-03-04	108.800003
2015-03-05	108.970001
2015-03-06	107.459999
2015-03-09	107.860001
2015-03-10	106.220001
2015-03-11	106.139999
2015-03-12	107.470001
2015-03-13	106.870003
2015-03-16	108.209999
2015-03-17	108.0
2015-03-18	109.239998
2015-03-19	108.849998
2015-03-20	109.760002
2015-03-23	109.57
2015-03-24	108.989998
2015-03-25	106.790001
2015-03-26	106.58000200000001
2015-03-27	106.870003
2015-03-30	108.230003
2015-03-31	107.25
2015-04-01	107.050003
2015-04-02	107.389999
2015-04-06	108.129997
2015-04-07	107.769997
2015-04-08	108.230003
2015-04-09	108.610001
2015-04-10	109.120003
2015-04-13	108.690002
2015-04-14	108.849998
2015-04-15	109.400002
2015-04-16	109.349998
2015-04-17	108.08000200000001
2015-04-20	108.959999
2015-04-21	108.93
2015-04-22	109.389999
2015-04-23	109.730003
2015-04-24	109.849998
2015-04-27	109.279999
2015-04-28	109.57
2015-04-29	109.089996
2015-04-30	107.910004
2015-05-01	108.900002
2015-05-04	109.279999
2015-05-05	107.980003
2015-05-06	107.68
2015-05-07	108.089996
2015-05-08	109.449997
2015-05-11	108.989998
2015-05-12	108.66999799999999
2015-05-13	108.730003
2015-05-14	109.809998
2015-05-15	109.940002
2015-05-18	110.349998
2015-05-19	110.300003
2015-05-20	110.230003
2015-05-21	110.510002
2015-05-22	110.300003
2015-05-26	109.150002
2015-05-27	110.150002
2015-05-28	110.050003
2015-05-29	109.309998
2015-06-01	109.58000200000001
2015-06-02	109.5
2015-06-03	109.879997
2015-06-04	109.0
2015-06-05	108.910004
2015-06-08	108.239998
2015-06-09	108.150002
2015-06-10	109.449997
2015-06-11	109.769997
2015-06-12	109.059998
2015-06-15	108.57
2015-06-16	109.160004
2015-06-17	109.339996
2015-06-18	110.43
2015-06-19	109.889999
2015-06-22	110.610001
2015-06-23	110.720001
2015-06-24	109.879997
2015-06-25	109.540001
2015-06-26	109.010002
2015-06-29	106.690002
2015-06-30	107.019997
2015-07-01	107.720001
2015-07-02	107.58000200000001
2015-07-06	107.300003
2015-07-07	107.900002
2015-07-08	106.089996
2015-07-09	106.269997
2015-07-10	107.599998
2015-07-13	108.82
2015-07-14	109.32
2015-07-15	109.190002
2015-07-16	109.940002
2015-07-17	109.959999
2015-07-20	109.940002
2015-07-21	109.489998
2015-07-22	109.33000200000001
2015-07-23	108.699997
2015-07-24	107.559998
2015-07-27	106.849998
2015-07-28	108.120003
2015-07-29	108.839996
2015-07-30	108.949997
2015-07-31	108.839996
2015-08-03	108.449997
2015-08-04	108.269997
2015-08-05	108.639999
2015-08-06	107.709999
2015-08-07	107.43
2015-08-10	108.769997
2015-08-11	107.790001
2015-08-12	107.900002
2015-08-13	107.75
2015-08-14	108.160004
2015-08-17	108.849998
2015-08-18	108.57
2015-08-19	107.599998
2015-08-20	105.260002
2015-08-21	102.230003
2015-08-24	98.120003
2015-08-25	96.949997
2015-08-26	100.470001
2015-08-27	102.900002
2015-08-28	102.980003
2015-08-31	102.209999
2015-09-01	99.209999
2015-09-02	101.07
2015-09-03	101.199997
2015-09-04	99.760002
2015-09-08	102.269997
2015-09-09	100.870003
2015-09-10	101.410004
2015-09-11	101.860001
2015-09-14	101.470001
2015-09-15	102.75
2015-09-16	103.620003
2015-09-17	103.470001
2015-09-18	101.839996
2015-09-21	102.25
2015-09-22	100.879997
2015-09-23	100.68
2015-09-24	100.269997
2015-09-25	99.610001
2015-09-28	96.940002
2015-09-29	96.889999
2015-09-30	98.720001
2015-10-01	98.91999799999999
2015-10-02	100.360001
2015-10-05	102.209999
2015-10-06	101.879997
2015-10-07	102.800003
2015-10-08	103.690002
2015-10-09	103.83000200000001
2015-10-12	103.849998
2015-10-13	103.089996
2015-10-14	102.559998
2015-10-15	104.110001
2015-10-16	104.510002
2015-10-19	104.629997
2015-10-20	104.510002
2015-10-21	103.690002
2015-10-22	105.209999
2015-10-23	106.309998
2015-10-26	106.050003
2015-10-27	105.709999
2015-10-28	107.099998
2015-10-29	106.940002
2015-10-30	106.529999
2015-11-02	107.93
2015-11-03	108.199997
2015-11-04	107.91999799999999
2015-11-05	107.82
2015-11-06	107.839996
2015-11-09	106.760002
2015-11-10	107.0
2015-11-11	106.540001
2015-11-12	104.949997
2015-11-13	103.839996
2015-11-16	105.349998
2015-11-17	105.220001
2015-11-18	106.900002
2015-11-19	106.760002
2015-11-20	107.220001
2015-11-23	107.110001
2015-11-24	107.389999
2015-11-25	107.470001
2015-11-27	107.629997
2015-11-30	107.16999799999999
2015-12-01	108.18
2015-12-02	107.050003
2015-12-03	105.449997
2015-12-04	107.389999
2015-12-07	106.550003
2015-12-08	105.910004
2015-12-09	105.0
2015-12-10	105.309998
2015-12-11	103.239998
2015-12-14	103.610001
2015-12-15	104.720001
2015-12-16	106.239998
2015-12-17	104.68
2015-12-18	102.900002
2015-12-21	103.129997
2015-12-22	104.059998
2015-12-23	105.360001
2015-12-24	105.230003
2015-12-28	105.0
2015-12-29	106.120003
2015-12-30	105.32
2015-12-31	104.300003
2016-01-04	102.739998
2016-01-05	102.970001
2016-01-06	101.589996
2016-01-07	99.099998
2016-01-08	97.970001
2016-01-11	97.910004
2016-01-12	98.58000200000001
2016-01-13	96.040001
2016-01-14	97.510002
2016-01-15	95.459999
2016-01-19	95.360001
2016-01-20	94.41999799999999
2016-01-21	94.790001
2016-01-22	96.809998
2016-01-25	95.220001
2016-01-26	96.66999799999999
2016-01-27	95.57
2016-01-28	95.949997
2016-01-29	98.33000200000001
2016-02-01	98.349998
2016-02-02	96.449997
2016-02-03	97.029999
2016-02-04	97.260002
2016-02-05	95.260002
2016-02-08	93.779999
2016-02-09	93.660004
2016-02-10	93.720001
2016-02-11	92.559998
2016-02-12	94.360001
2016-02-16	96.08000200000001
2016-02-17	97.66999799999999
2016-02-18	97.279999
2016-02-19	97.300003
2016-02-22	98.720001
2016-02-23	97.529999
2016-02-24	98.029999
2016-02-25	99.190002
2016-02-26	99.110001
2016-02-29	98.32
2016-03-01	100.660004
2016-03-02	101.220001
2016-03-03	101.720001
2016-03-04	102.07
2016-03-07	102.279999
2016-03-08	101.010002
2016-03-09	101.5
2016-03-10	101.470001
2016-03-11	103.190002
2016-03-14	103.07
2016-03-15	102.239998
2016-03-16	102.879997
2016-03-17	103.66999799999999
2016-03-18	104.129997
2016-03-21	104.230003
2016-03-22	104.199997
2016-03-23	103.349998
2016-03-24	103.32
2016-03-28	103.389999
2016-03-29	104.540001
2016-03-30	104.940002
2016-03-31	104.82
2016-04-01	105.480003
2016-04-04	105.040001
2016-04-05	104.019997
2016-04-06	105.160004
2016-04-07	103.900002
2016-04-08	104.199997
2016-04-11	103.910004
2016-04-12	104.91999799999999
2016-04-13	106.150002
2016-04-14	106.110001
2016-04-15	106.059998
2016-04-18	106.769997
2016-04-19	107.07
2016-04-20	107.18
2016-04-21	106.650002
2016-04-22	106.800003
2016-04-25	106.540001
2016-04-26	106.83000200000001
2016-04-27	107.089996
2016-04-28	106.129997
2016-04-29	105.510002
2016-05-02	106.33000200000001
2016-05-03	105.260002
2016-05-04	104.639999
2016-05-05	104.599998
2016-05-06	104.980003
2016-05-09	105.089996
2016-05-10	106.339996
2016-05-11	105.370003
2016-05-12	105.33000200000001
2016-05-13	104.41999799999999
2016-05-16	105.459999
2016-05-17	104.510002
2016-05-18	104.5
2016-05-19	104.089996
2016-05-20	104.889999
2016-05-23	104.760002
2016-05-24	106.160004
2016-05-25	106.93
2016-05-26	106.910004
2016-05-27	107.389999
2016-05-31	107.339996
2016-06-01	107.629997
2016-06-02	107.989998
2016-06-03	107.690002
2016-06-06	108.25
2016-06-07	108.459999
2016-06-08	108.839996
2016-06-09	108.620003
2016-06-10	107.5
2016-06-13	106.610001
2016-06-14	105.949997
2016-06-15	105.839996
2016-06-16	106.150002
2016-06-17	105.800003
2016-06-20	106.519997
2016-06-21	106.75
2016-06-22	106.510002
2016-06-23	107.980003
2016-06-24	104.050003
2016-06-27	101.980003
2016-06-28	103.849998
2016-06-29	105.709999
2016-06-30	107.160004
2016-07-01	107.370003
2016-07-05	106.57
2016-07-06	107.220001
2016-07-07	107.16999799999999
2016-07-08	108.839996
2016-07-11	109.290001
2016-07-12	110.199997
2016-07-13	110.139999
2016-07-14	110.66999799999999
2016-07-15	110.550003
2016-07-18	110.860001
2016-07-19	110.639999
2016-07-20	111.230003
2016-07-21	110.790001
2016-07-22	111.32
2016-07-25	111.029999
2016-07-26	111.150002
2016-07-27	111.019997
2016-07-28	111.160004
2016-07-29	111.41999799999999
2016-08-01	111.269997
2016-08-02	110.43
2016-08-03	110.839996
2016-08-04	110.970001
2016-08-05	111.889999
2016-08-08	111.82
2016-08-09	111.91999799999999
2016-08-10	111.589996
2016-08-11	112.150002
2016-08-12	112.040001
2016-08-15	112.449997
2016-08-16	111.809998
2016-08-17	111.949997
2016-08-18	112.300003
2016-08-19	112.139999
2016-08-22	112.16999799999999
2016-08-23	112.470001
2016-08-24	111.839996
2016-08-25	111.769997
2016-08-26	111.540001
2016-08-29	112.150002
2016-08-30	111.970001
2016-08-31	111.650002
2016-09-01	111.709999
2016-09-02	112.279999
2016-09-06	112.599998
2016-09-07	112.75
2016-09-08	112.459999
2016-09-09	109.660004
2016-09-12	111.190002
2016-09-13	108.91999799999999
2016-09-14	108.93
2016-09-15	110.050003
2016-09-16	109.610001
2016-09-19	109.769997
2016-09-20	109.720001
2016-09-21	110.980003
2016-09-22	111.790001
2016-09-23	111.150002
2016-09-26	110.269997
2016-09-27	110.900002
2016-09-28	111.550003
2016-09-29	110.459999
2016-09-30	111.33000200000001
2016-10-03	110.989998
2016-10-04	110.489998
2016-10-05	110.91999799999999
2016-10-06	110.959999
2016-10-07	110.540001
2016-10-10	111.139999
2016-10-11	109.660004
2016-10-12	109.790001
2016-10-13	109.400002
2016-10-14	109.370003
2016-10-17	109.059998
2016-10-18	109.699997
2016-10-19	110.050003
2016-10-20	109.839996
2016-10-21	109.800003
2016-10-24	110.349998
2016-10-25	109.879997
2016-10-26	109.550003
2016-10-27	109.18
2016-10-28	108.82
2016-10-31	108.889999
2016-11-01	108.08000200000001
2016-11-02	107.33000200000001
2016-11-03	106.860001
2016-11-04	106.790001
2016-11-07	109.150002
2016-11-08	109.620003
2016-11-09	110.980003
2016-11-10	111.370003
2016-11-11	111.410004
2016-11-14	111.699997
2016-11-15	112.57
2016-11-16	112.410004
2016-11-17	112.980003
2016-11-18	112.769997
2016-11-21	113.620003
2016-11-22	113.949997
2016-11-23	114.110001
2016-11-25	114.550003
2016-11-28	113.889999
2016-11-29	114.050003
2016-11-30	113.779999
2016-12-01	113.309998
2016-12-02	113.309998
2016-12-05	114.099998
2016-12-06	114.68
2016-12-07	116.099998
2016-12-08	116.519997
2016-12-09	117.150002
2016-12-12	116.849998
2016-12-13	117.529999
2016-12-14	116.470001
2016-12-15	116.949997
2016-12-16	116.769997
2016-12-19	117.099998
2016-12-20	116.870003
2016-12-21	116.540001
2016-12-22	116.239998
2016-12-23	116.41999799999999
2016-12-27	116.709999
2016-12-28	115.739998
2016-12-29	115.75
2016-12-30	115.32
2017-01-03	116.199997
2017-01-04	117.089996
2017-01-05	116.860001
2017-01-06	117.230003
2017-01-09	116.779999
2017-01-10	116.870003
2017-01-11	117.239998
2017-01-12	116.93
2017-01-13	117.220001
2017-01-17	116.699997
2017-01-18	116.970001
2017-01-19	116.510002
2017-01-20	116.910004
2017-01-23	116.599998
2017-01-24	117.510002
2017-01-25	118.519997
2017-01-26	118.349998
2017-01-27	118.160004
2017-01-30	117.360001
2017-01-31	117.459999
2017-02-01	117.449997
2017-02-02	117.529999
2017-02-03	118.41999799999999
2017-02-06	118.139999
2017-02-07	118.129997
2017-02-08	118.260002
2017-02-09	119.040001
2017-02-10	119.540001
2017-02-13	120.139999
2017-02-14	120.58000200000001
2017-02-15	121.239998
2017-02-16	121.129997
2017-02-17	121.309998
2017-02-21	122.029999
2017-02-22	121.870003
2017-02-23	121.779999
2017-02-24	121.980003
2017-02-27	122.25
2017-02-28	121.800003
2017-03-01	123.440002
2017-03-02	122.650002
2017-03-03	122.75
2017-03-06	122.269997
2017-03-07	121.879997
2017-03-08	121.540001
2017-03-09	121.599998
2017-03-10	122.040001
2017-03-13	122.129997
2017-03-14	121.690002
2017-03-15	122.790001
2017-03-16	122.639999
2017-03-17	122.57
2017-03-20	122.279999
2017-03-21	120.57
2017-03-22	120.730003
2017-03-23	120.690002
2017-03-24	120.160004
2017-03-27	120.019997
2017-03-28	120.860001
2017-03-29	121.08000200000001
2017-03-30	121.529999
2017-03-31	121.32
2017-04-03	121.019997
2017-04-04	121.08000200000001
2017-04-05	120.589996
2017-04-06	120.970001
2017-04-07	120.879997
2017-04-10	121.029999
2017-04-11	120.989998
2017-04-12	120.370003
2017-04-13	119.550003
2017-04-17	120.589996
2017-04-18	120.33000200000001
2017-04-19	120.230003
2017-04-20	121.220001
2017-04-21	120.83000200000001
2017-04-24	122.110001
2017-04-25	122.870003
2017-04-26	122.900002
2017-04-27	123.019997
2017-04-28	122.610001
2017-05-01	122.93
2017-05-02	122.93
2017-05-03	122.629997
2017-05-04	122.720001
2017-05-05	123.33000200000001
2017-05-08	123.139999
2017-05-09	123.099998
2017-05-10	123.370003
2017-05-11	123.010002
2017-05-12	122.769997
2017-05-15	123.43
2017-05-16	123.360001
2017-05-17	121.139999
2017-05-18	121.5
2017-05-19	122.370003
2017-05-22	123.019997
2017-05-23	123.230003
2017-05-24	123.589996
2017-05-25	124.110001
2017-05-26	124.089996
2017-05-30	123.889999
2017-05-31	123.849998
2017-06-01	125.0
2017-06-02	125.410004
2017-06-05	125.25
2017-06-06	124.93
2017-06-07	125.07
2017-06-08	125.290001
2017-06-09	125.190002
2017-06-12	125.16999799999999
2017-06-13	125.790001
2017-06-14	125.610001
2017-06-15	125.33000200000001
2017-06-16	125.25
2017-06-19	126.269997
2017-06-20	125.410004
2017-06-21	124.690002
2017-06-22	124.739998
2017-06-23	125.050003
2017-06-26	125.139999
2017-06-27	124.110001
2017-06-28	125.279999
2017-06-29	124.279999
2017-06-30	124.449997
2017-07-03	124.75
2017-07-05	124.889999
2017-07-06	123.660004
2017-07-07	124.519997
2017-07-10	124.610001
2017-07-11	124.58000200000001
2017-07-12	125.470001
2017-07-13	125.66999799999999
2017-07-14	126.230003
2017-07-17	126.230003
2017-07-18	126.309998
2017-07-19	127.040001
2017-07-20	127.120003
2017-07-21	126.949997
2017-07-24	126.959999
2017-07-25	127.379997
2017-07-26	127.290001
2017-07-27	127.07
2017-07-28	126.860001
2017-07-31	126.790001
2017-08-01	127.050003
2017-08-02	126.93
2017-08-03	126.639999
2017-08-04	126.910004
2017-08-07	127.160004
2017-08-08	126.809998
2017-08-09	126.66999799999999
2017-08-10	124.809998
2017-08-11	125.040001
2017-08-14	126.32
2017-08-15	126.199997
2017-08-16	126.43
2017-08-17	124.41999799999999
2017-08-18	124.209999
2017-08-21	124.389999
2017-08-22	125.639999
2017-08-23	125.260002
2017-08-24	125.059998
2017-08-25	125.360001
2017-08-28	125.410004
2017-08-29	125.459999
2017-08-30	126.120003
2017-08-31	126.980003
2017-09-01	127.269997
2017-09-05	126.290001
2017-09-06	126.639999
2017-09-07	126.58000200000001
2017-09-08	126.489998
2017-09-11	127.849998
2017-09-12	128.33999599999999
2017-09-13	128.399994
2017-09-14	128.360001
2017-09-15	128.600006
2017-09-18	128.91000400000001
2017-09-19	128.970001
2017-09-20	129.179993
2017-09-21	128.820007
2017-09-22	128.369995
2017-09-25	128.16000400000001
2017-09-26	128.190002
2017-09-27	128.889999
2017-09-28	129.100006
2017-09-29	129.520004
2017-10-02	130.199997
2017-10-03	130.46000700000002
2017-10-04	130.58999599999999
2017-10-05	131.279999
2017-10-06	131.190002
2017-10-09	130.929993
2017-10-10	131.240005
2017-10-11	131.419998
2017-10-12	131.259995
2017-10-13	131.360001
2017-10-16	131.449997
2017-10-17	131.509995
2017-10-18	131.679993
2017-10-19	131.71000700000002
2017-10-20	132.419998
2017-10-23	131.860001
2017-10-24	132.08999599999999
2017-10-25	131.399994
2017-10-26	131.570007
2017-10-27	132.639999
2017-10-30	132.059998
2017-10-31	132.330002
2017-11-01	132.440002
2017-11-02	132.470001
2017-11-03	132.820007
2017-11-06	133.070007
2017-11-07	132.83999599999999
2017-11-08	133.059998
2017-11-09	132.520004
2017-11-10	132.53999299999998
2017-11-13	132.610001
2017-11-14	132.369995
2017-11-15	131.690002
2017-11-16	132.889999
2017-11-17	132.639999
2017-11-20	132.979996
2017-11-21	133.899994
2017-11-22	133.800003
2017-11-24	134.110001
2017-11-27	133.970001
2017-11-28	135.300003
2017-11-29	135.300003
2017-11-30	136.33999599999999
2017-12-01	136.070007
2017-12-04	135.889999
2017-12-05	135.309998
2017-12-06	135.229996
2017-12-07	135.770004
2017-12-08	136.479996
2017-12-11	136.800003
2017-12-12	136.949997
2017-12-13	136.970001
2017-12-14	136.330002
2017-12-15	137.550003
2017-12-18	138.5
2017-12-19	137.940002
2017-12-20	137.929993
2017-12-21	137.570007
2017-12-22	137.520004
2017-12-26	137.41000400000001
2017-12-27	137.46000700000002
2017-12-28	137.759995
2017-12-29	137.25
2018-01-02	138.220001
2018-01-03	139.020004
2018-01-04	139.550003
2018-01-05	140.369995
2018-01-08	140.690002
2018-01-09	140.949997
2018-01-10	140.729996
2018-01-11	141.919998
2018-01-12	142.75
2018-01-16	142.119995
2018-01-17	143.429993
2018-01-18	143.179993
2018-01-19	143.919998
2018-01-22	145.059998
2018-01-23	145.419998
2018-01-24	145.279999
2018-01-25	145.33999599999999
2018-01-26	146.860001
2018-01-29	145.899994
2018-01-30	144.380005
2018-01-31	144.429993
2018-02-01	144.369995
2018-02-02	141.300003
2018-02-05	135.740005
2018-02-06	137.96000700000002
2018-02-07	137.350006
2018-02-08	132.41000400000001
2018-02-09	134.229996
2018-02-12	136.020004
2018-02-13	136.449997
2018-02-14	138.360001
2018-02-15	140.050003
2018-02-16	140.110001
2018-02-20	139.270004
2018-02-21	138.619995
2018-02-22	138.71000700000002
2018-02-23	140.860001
2018-02-26	142.33999599999999
2018-02-27	140.550003
2018-02-28	139.0
2018-03-01	137.350006
2018-03-02	138.240005
2018-03-05	139.800003
2018-03-06	140.309998
2018-03-07	140.429993
2018-03-08	140.96000700000002
2018-03-09	143.300003
2018-03-12	143.220001
2018-03-13	142.330002
2018-03-14	141.610001
2018-03-15	141.419998
2018-03-16	141.66000400000001
2018-03-19	139.83999599999999
2018-03-20	140.050003
2018-03-21	139.929993
2018-03-22	135.949997
2018-03-23	133.100006
2018-03-26	136.610001
2018-03-27	134.190002
2018-03-28	133.880005
2018-03-29	135.720001
2018-04-02	132.630005
2018-04-03	134.279999
2018-04-04	135.78999299999998
2018-04-05	136.740005
2018-04-06	133.869995
2018-04-09	134.320007
2018-04-10	136.5
2018-04-11	135.869995
2018-04-12	136.970001
2018-04-13	136.580002
2018-04-16	137.720001
2018-04-17	139.169998
2018-04-18	139.360001
2018-04-19	138.600006
2018-04-20	137.5
2018-04-23	137.449997
2018-04-24	135.800003
2018-04-25	135.949997
2018-04-26	137.240005
2018-04-27	137.330002
2018-04-30	136.330002
2018-05-01	136.53999299999998
2018-05-02	135.75
2018-05-03	135.380005
2018-05-04	137.130005
2018-05-07	137.729996
2018-05-08	137.779999
2018-05-09	139.080002
2018-05-10	140.28999299999998
2018-05-11	140.570007
2018-05-14	140.639999
2018-05-15	139.78999299999998
2018-05-16	140.470001
2018-05-17	140.509995
2018-05-18	140.199997
2018-05-21	141.25
2018-05-22	140.729996
2018-05-23	141.100006
2018-05-24	140.869995
2018-05-25	140.600006
2018-05-29	139.21000700000002
2018-05-30	141.009995
2018-05-31	140.03999299999998
2018-06-01	141.5
2018-06-04	142.16000400000001
2018-06-05	142.369995
2018-06-06	143.630005
2018-06-07	143.419998
2018-06-08	143.91000400000001
2018-06-11	144.119995
2018-06-12	144.419998
2018-06-13	143.880005
2018-06-14	144.28999299999998
2018-06-15	144.149994
2018-06-18	143.990005
2018-06-19	143.509995
2018-06-20	143.83999599999999
2018-06-21	142.850006
2018-06-22	142.449997
2018-06-25	140.449997
2018-06-26	140.770004
2018-06-27	139.46000700000002
2018-06-28	140.330002
2018-06-29	140.429993
2018-07-02	140.770004
2018-07-03	140.41000400000001
2018-07-05	141.600006
2018-07-06	142.78999299999998
2018-07-09	144.08999599999999
2018-07-10	144.46000700000002
2018-07-11	143.429993
2018-07-12	144.610001
2018-07-13	144.699997
2018-07-16	144.470001
2018-07-17	145.130005
2018-07-18	145.449997
2018-07-19	145.100006
2018-07-20	144.83999599999999
2018-07-23	145.070007
2018-07-24	145.389999
2018-07-25	146.630005
2018-07-26	146.389999
2018-07-27	145.220001
2018-07-30	144.270004
2018-07-31	145.08999599999999
2018-08-01	144.919998
2018-08-02	145.779999
2018-08-03	146.270004
2018-08-06	146.929993
2018-08-07	147.41000400000001
2018-08-08	147.270004
2018-08-09	147.169998
2018-08-10	146.25
2018-08-13	145.690002
2018-08-14	146.649994
2018-08-15	145.490005
2018-08-16	146.630005
2018-08-17	147.169998
2018-08-20	147.449997
2018-08-21	148.0
2018-08-22	148.050003
2018-08-23	147.759995
2018-08-24	148.679993
2018-08-27	149.75
2018-08-28	149.83999599999999
2018-08-29	150.630005
2018-08-30	150.009995
2018-08-31	150.070007
2018-09-04	149.860001
2018-09-05	149.369995
2018-09-06	148.919998
2018-09-07	148.580002
2018-09-10	148.899994
2018-09-11	149.399994
2018-09-12	149.41000400000001
2018-09-13	150.16000400000001
2018-09-14	150.279999
2018-09-17	149.330002
2018-09-18	150.130005
2018-09-19	150.149994
2018-09-20	151.309998
2018-09-21	151.16000400000001
2018-09-24	150.610001
2018-09-25	150.529999
2018-09-26	149.949997
2018-09-27	150.300003
2018-09-28	149.649994
2018-10-01	149.880005
2018-10-02	149.66000400000001
2018-10-03	149.860001
2018-10-04	148.58999599999999
2018-10-05	147.630005
2018-10-08	147.520004
2018-10-09	147.259995
2018-10-10	142.570007
2018-10-11	139.529999
2018-10-12	141.369995
2018-10-15	140.740005
2018-10-16	143.83999599999999
2018-10-17	143.800003
2018-10-18	141.720001
2018-10-19	141.350006
2018-10-22	140.78999299999998
2018-10-23	139.96000700000002
2018-10-24	135.610001
2018-10-25	138.16000400000001
2018-10-26	135.770004
2018-10-29	135.020004
2018-10-30	137.130005
2018-10-31	138.559998
2018-11-01	140.130005
2018-11-02	139.559998
2018-11-05	140.240005
2018-11-06	141.03999299999998
2018-11-07	143.919998
2018-11-08	143.639999
2018-11-09	142.169998
2018-11-12	139.440002
2018-11-13	139.240005
2018-11-14	138.220001
2018-11-15	139.779999
2018-11-16	140.080002
2018-11-19	137.649994
2018-11-20	135.199997
2018-11-21	135.860001
2018-11-23	135.130005
2018-11-26	137.229996
2018-11-27	137.399994
2018-11-28	140.600006
2018-11-29	140.33999599999999
2018-11-30	141.350006
2018-12-03	143.0
2018-12-04	138.330002
2018-12-06	138.16000400000001
2018-12-07	134.899994
2018-12-10	135.050003
2018-12-11	135.020004
2018-12-12	135.78999299999998
2018-12-13	135.46000700000002
2018-12-14	133.119995
2018-12-17	130.279999
2018-12-18	130.240005
2018-12-19	128.240005
2018-12-20	126.16999799999999
2018-12-21	123.489998
2018-12-24	119.699997
2018-12-26	125.459999
2018-12-27	126.589996
2018-12-28	126.43
2018-12-31	127.629997
2019-01-02	127.730003
2019-01-03	124.769997
2019-01-04	128.899994
2019-01-07	130.199997
2019-01-08	131.53999299999998
2019-01-09	132.16000400000001
2019-01-10	132.809998
2019-01-11	132.83999599999999
2019-01-14	132.0
2019-01-15	133.440002
2019-01-16	133.820007
2019-01-17	134.899994
2019-01-18	136.649994
2019-01-22	134.779999
2019-01-23	134.919998
2019-01-24	135.199997
2019-01-25	136.470001
2019-01-28	135.470001
2019-01-29	135.279999
2019-01-30	137.320007
2019-01-31	138.529999
2019-02-01	138.729996
2019-02-04	139.720001
2019-02-05	140.300003
2019-02-06	140.16000400000001
2019-02-07	138.830002
2019-02-08	138.970001
2019-02-11	139.259995
2019-02-12	141.0
2019-02-13	141.440002
2019-02-14	141.190002
2019-02-15	142.740005
2019-02-19	143.020004
2019-02-20	143.320007
2019-02-21	142.830002
2019-02-22	143.770004
2019-02-25	143.979996
2019-02-26	143.71000700000002
2019-02-27	143.759995
2019-02-28	143.46000700000002
2019-03-01	144.419998
2019-03-04	143.75
2019-03-05	143.479996
2019-03-06	142.389999
2019-03-07	141.279999
2019-03-08	140.990005
